theta0,theta1
-0.023461974075994662,8711.266456438225