theta0,theta1
-0.026607097371776814,9081.509907070722